		-- INSERT VALUES 
	
-- INSERT VALUES INTO TABLE artist

insert into artist (Artist_ID, Artist_First_Name , Artist_Last_Name , Artist_Birth_Date, Artist_Death_Date, Artist_Living, Artist_Email, Artist_Phone,  Artist_Website) values ('AR1000', 'Ailina', 'Arnoldi', '1929-07-26 04:39:11', '2007-09-20 01:04:32', false, 'aarnoldi0@latimes.com', '680 212 2391', 'diigo.com');
insert into artist (Artist_ID, Artist_First_Name , Artist_Last_Name , Artist_Birth_Date, Artist_Death_Date, Artist_Living, Artist_Email, Artist_Phone,  Artist_Website) values ('AR1001', 'Vaughn', 'Jan', '1925-01-13 00:17:48', null, true, 'vjan1@fema.gov', '110 856 0528', 'technorati.com');
insert into artist (Artist_ID, Artist_First_Name , Artist_Last_Name , Artist_Birth_Date, Artist_Death_Date, Artist_Living, Artist_Email, Artist_Phone,  Artist_Website) values ('AR1002', 'Erasmus', 'Syversen', '1936-07-25 05:49:53', '1971-06-26 22:10:56', false, 'esyversen2@walmart.com', '963 445 1644', 'google.es');
insert into artist (Artist_ID, Artist_First_Name , Artist_Last_Name , Artist_Birth_Date, Artist_Death_Date, Artist_Living, Artist_Email, Artist_Phone,  Artist_Website) values ('AR1003', 'Etheline', 'Kemm', '1930-08-21 23:37:06', null, true, 'ekemm3@cyberchimps.com', '798 437 7997', 'wix.com');
insert into artist (Artist_ID, Artist_First_Name , Artist_Last_Name , Artist_Birth_Date, Artist_Death_Date, Artist_Living, Artist_Email, Artist_Phone,  Artist_Website) values ('AR1004', 'Franni', 'Bealing', '1931-04-01 22:33:37', null, true, 'fbealing4@jimdo.com', '973 161 1279', 'arizona.edu');
insert into artist (Artist_ID, Artist_First_Name , Artist_Last_Name , Artist_Birth_Date, Artist_Death_Date, Artist_Living, Artist_Email, Artist_Phone,  Artist_Website) values ('AR1005', 'Hort', 'Loffhead', '1931-05-02 04:16:35', '2006-06-03 21:57:20', false, 'hloffhead5@smugmug.com', '252 485 3220', 't.co');
insert into artist (Artist_ID, Artist_First_Name , Artist_Last_Name , Artist_Birth_Date, Artist_Death_Date, Artist_Living, Artist_Email, Artist_Phone,  Artist_Website) values ('AR1006', 'Hendrick', 'Kinkade', '1921-03-11 14:47:28', null, true, 'hkinkade6@booking.com', '496 150 9378', 'elpais.com');
insert into artist (Artist_ID, Artist_First_Name , Artist_Last_Name , Artist_Birth_Date, Artist_Death_Date, Artist_Living, Artist_Email, Artist_Phone,  Artist_Website) values ('AR1007', 'Kara-lynn', 'Brackenbury', '1920-05-19 20:12:13', null, true, 'kbrackenbury7@sitemeter.com', '749 237 5522', 'paginegialle.it');
insert into artist (Artist_ID, Artist_First_Name , Artist_Last_Name , Artist_Birth_Date, Artist_Death_Date, Artist_Living, Artist_Email, Artist_Phone,  Artist_Website) values ('AR1008', 'Grier', 'Vassay', '1925-12-20 13:45:38', '1997-07-15 19:46:20', false, 'gvassay8@yelp.com', '667 257 8114', 'squidoo.com');
insert into artist (Artist_ID, Artist_First_Name , Artist_Last_Name , Artist_Birth_Date, Artist_Death_Date, Artist_Living, Artist_Email, Artist_Phone,  Artist_Website) values ('AR1009', 'Harlin', 'Breydin', '1940-01-27 01:07:50', '1999-07-13 10:48:09', false, 'hbreydin9@hugedomains.com', '376 784 0021', 'state.tx.us');
insert into artist (Artist_ID, Artist_First_Name , Artist_Last_Name , Artist_Birth_Date, Artist_Death_Date, Artist_Living, Artist_Email, Artist_Phone,  Artist_Website) values ('AR1010', 'Darrell', 'Birtwell', '1929-10-20 10:46:46', '1995-12-23 02:52:43', false, 'dbirtwella@ebay.co.uk', '338 477 8445', 'chronoengine.com');
insert into artist (Artist_ID, Artist_First_Name , Artist_Last_Name , Artist_Birth_Date, Artist_Death_Date, Artist_Living, Artist_Email, Artist_Phone,  Artist_Website) values ('AR1011', 'Julee', 'Fronsek', '1924-06-10 20:44:41', null, true, 'jfronsekb@vimeo.com', '412 712 2128', 'nih.gov');
insert into artist (Artist_ID, Artist_First_Name , Artist_Last_Name , Artist_Birth_Date, Artist_Death_Date, Artist_Living, Artist_Email, Artist_Phone,  Artist_Website) values ('AR1012', 'Townie', 'Saint', '1920-08-16 18:02:27', null, true, 'tsaintc@apache.org', '813 369 2698', 'altervista.org');
insert into artist (Artist_ID, Artist_First_Name , Artist_Last_Name , Artist_Birth_Date, Artist_Death_Date, Artist_Living, Artist_Email, Artist_Phone,  Artist_Website) values ('AR1013', 'Fabian', 'Payton', '1935-11-05 21:38:49', '1988-05-08 01:42:41', false, 'fpaytond@soup.io', '851 246 0147', 'icio.us');
insert into artist (Artist_ID, Artist_First_Name , Artist_Last_Name , Artist_Birth_Date, Artist_Death_Date, Artist_Living, Artist_Email, Artist_Phone,  Artist_Website) values ('AR1014', 'Ransell', 'Leynagh', '1925-05-26 04:00:48', null, true, 'rleynaghe@gizmodo.com', '353 270 0795', 'berkeley.edu');
insert into artist (Artist_ID, Artist_First_Name , Artist_Last_Name , Artist_Birth_Date, Artist_Death_Date, Artist_Living, Artist_Email, Artist_Phone,  Artist_Website) values ('AR1015', 'Kristoforo', 'Bussel', '1927-02-03 13:42:55', null, true, 'kbusself@ycombinator.com', '232 429 7984', 'columbia.edu');
insert into artist (Artist_ID, Artist_First_Name , Artist_Last_Name , Artist_Birth_Date, Artist_Death_Date, Artist_Living, Artist_Email, Artist_Phone,  Artist_Website) values ('AR1016', 'Edd', 'Beldam', '1936-12-23 15:53:18', null, true, 'ebeldamg@symantec.com', '593 816 3446', 'spotify.com');
insert into artist (Artist_ID, Artist_First_Name , Artist_Last_Name , Artist_Birth_Date, Artist_Death_Date, Artist_Living, Artist_Email, Artist_Phone,  Artist_Website) values ('AR1017', 'Renard', 'Benez', '1922-06-07 02:46:43', null, true, 'rbenezh@xrea.com', '487 456 8294', 'squidoo.com');
insert into artist (Artist_ID, Artist_First_Name , Artist_Last_Name , Artist_Birth_Date, Artist_Death_Date, Artist_Living, Artist_Email, Artist_Phone,  Artist_Website) values ('AR1018', 'Fionnula', 'Dedden', '1927-09-12 15:35:47', '1993-06-01 00:36:58', false, 'fdeddeni@freewebs.com', '741 450 2696', 'cargocollective.com');
insert into artist (Artist_ID, Artist_First_Name , Artist_Last_Name , Artist_Birth_Date, Artist_Death_Date, Artist_Living, Artist_Email, Artist_Phone,  Artist_Website) values ('AR1019', 'Marsha', 'Titheridge', '1922-09-13 15:46:33', null, true, 'mtitheridgej@seattletimes.com', '298 301 2331', 'kickstarter.com');
insert into artist (Artist_ID, Artist_First_Name , Artist_Last_Name , Artist_Birth_Date, Artist_Death_Date, Artist_Living, Artist_Email, Artist_Phone,  Artist_Website) values ('AR1020', 'Vincenty', 'Pratten', '1925-11-17 00:28:19', '1986-09-16 14:19:18', false, 'vprattenk@bravesites.com', '929 229 7715', 'stanford.edu');
insert into artist (Artist_ID, Artist_First_Name , Artist_Last_Name , Artist_Birth_Date, Artist_Death_Date, Artist_Living, Artist_Email, Artist_Phone,  Artist_Website) values ('AR1021', 'Alika', 'Offill', '1931-07-09 19:31:19', '2007-12-19 22:19:04', false, 'aoffilll@flickr.com', '870 927 4629', 'i2i.jp');
insert into artist (Artist_ID, Artist_First_Name , Artist_Last_Name , Artist_Birth_Date, Artist_Death_Date, Artist_Living, Artist_Email, Artist_Phone,  Artist_Website) values ('AR1022', 'Graham', 'Spaule', '1940-04-01 16:52:57', '1970-09-24 02:52:23', false, 'gspaulem@nasa.gov', '537 580 9516', 'tumblr.com');
insert into artist (Artist_ID, Artist_First_Name , Artist_Last_Name , Artist_Birth_Date, Artist_Death_Date, Artist_Living, Artist_Email, Artist_Phone,  Artist_Website) values ('AR1023', 'Clary', 'Kernley', '1929-12-06 02:32:19', '2005-03-06 15:50:15', false, 'ckernleyn@bravesites.com', '913 654 9668', 'moonfruit.com');
insert into artist (Artist_ID, Artist_First_Name , Artist_Last_Name , Artist_Birth_Date, Artist_Death_Date, Artist_Living, Artist_Email, Artist_Phone,  Artist_Website) values ('AR1024', 'Larine', 'Baseke', '1926-01-10 12:54:49', '1982-06-05 15:05:56', false, 'lbasekeo@xrea.com', '189 891 6701', 'tripadvisor.com');


		
-- INSERT VALUES INTO TABLE artwork


insert into artwork (Artwork_ID, Artwork_Artist_ID, Artwork_Medium_ID, Artwork_Genre_ID, Artwork_Created, Artwork_Title, Artwork_Price_GBP, Artwork_Sold) values ('AW1000', 'AR1022', 'AM1006', 'AG1006', '1986-04-03 03:29:19', 'Going Home', 429.13, false);
insert into artwork (Artwork_ID, Artwork_Artist_ID, Artwork_Medium_ID, Artwork_Genre_ID, Artwork_Created, Artwork_Title, Artwork_Price_GBP, Artwork_Sold) values ('AW1001', 'AR1020', 'AM1012', 'AG1000', '1975-10-12 16:27:09', 'There Was No Harmony There', 129.58, false);
insert into artwork (Artwork_ID, Artwork_Artist_ID, Artwork_Medium_ID, Artwork_Genre_ID, Artwork_Created, Artwork_Title, Artwork_Price_GBP, Artwork_Sold) values ('AW1002', 'AR1006', 'AM1020', 'AG1025', '1981-04-29 03:19:53', 'It Takes Effort', 890.73, false);
insert into artwork (Artwork_ID, Artwork_Artist_ID, Artwork_Medium_ID, Artwork_Genre_ID, Artwork_Created, Artwork_Title, Artwork_Price_GBP, Artwork_Sold) values ('AW1003', 'AR1002', 'AM1011', 'AG1003', '2001-10-10 14:46:59', 'You Act Like A Fool To Me', 994.92, true);
insert into artwork (Artwork_ID, Artwork_Artist_ID, Artwork_Medium_ID, Artwork_Genre_ID, Artwork_Created, Artwork_Title, Artwork_Price_GBP, Artwork_Sold) values ('AW1004', 'AR1009', 'AM1007', 'AG1009', '2003-11-14 21:39:30', 'The Rules Of A Perfect Friendship', 732.51, false);
insert into artwork (Artwork_ID, Artwork_Artist_ID, Artwork_Medium_ID, Artwork_Genre_ID, Artwork_Created, Artwork_Title, Artwork_Price_GBP, Artwork_Sold) values ('AW1005', 'AR1019', 'AM1001', 'AG1018', '1967-01-08 16:45:00', 'Was It Just A Storm?', 425.65, false);
insert into artwork (Artwork_ID, Artwork_Artist_ID, Artwork_Medium_ID, Artwork_Genre_ID, Artwork_Created, Artwork_Title, Artwork_Price_GBP, Artwork_Sold) values ('AW1006', 'AR1016', 'AM1014', 'AG1012', '1971-08-18 17:30:47', 'Infinity''s Edge', 474.8, false);
insert into artwork (Artwork_ID, Artwork_Artist_ID, Artwork_Medium_ID, Artwork_Genre_ID, Artwork_Created, Artwork_Title, Artwork_Price_GBP, Artwork_Sold) values ('AW1007', 'AR1010', 'AM1023', 'AG1008', '2000-07-22 11:48:36', 'Road To Success', 372.48, false);
insert into artwork (Artwork_ID, Artwork_Artist_ID, Artwork_Medium_ID, Artwork_Genre_ID, Artwork_Created, Artwork_Title, Artwork_Price_GBP, Artwork_Sold) values ('AW1008', 'AR1011', 'AM1001', 'AG1014', '1998-12-04 02:18:17', 'A Moment Suspended In Time', 400.3, false);
insert into artwork (Artwork_ID, Artwork_Artist_ID, Artwork_Medium_ID, Artwork_Genre_ID, Artwork_Created, Artwork_Title, Artwork_Price_GBP, Artwork_Sold) values ('AW1009', 'AR1023', 'AM1008', 'AG1019', '1977-07-05 18:31:03', 'Fantastic Voyage', 961.01, true);
insert into artwork (Artwork_ID, Artwork_Artist_ID, Artwork_Medium_ID, Artwork_Genre_ID, Artwork_Created, Artwork_Title, Artwork_Price_GBP, Artwork_Sold) values ('AW1010', 'AR1000', 'AM1017', 'AG1019', '1987-08-28 20:31:03', 'No Wisdom Here', 724.46, false);
insert into artwork (Artwork_ID, Artwork_Artist_ID, Artwork_Medium_ID, Artwork_Genre_ID, Artwork_Created, Artwork_Title, Artwork_Price_GBP, Artwork_Sold) values ('AW1011', 'AR1022', 'AM1008', 'AG1011', '2013-03-01 12:29:11', 'Darkness Within My Soul', 357.19, false);
insert into artwork (Artwork_ID, Artwork_Artist_ID, Artwork_Medium_ID, Artwork_Genre_ID, Artwork_Created, Artwork_Title, Artwork_Price_GBP, Artwork_Sold) values ('AW1012', 'AR1001', 'AM1015', 'AG1023', '1974-03-12 15:03:20', 'Should I Follow You?', 550.39, true);
insert into artwork (Artwork_ID, Artwork_Artist_ID, Artwork_Medium_ID, Artwork_Genre_ID, Artwork_Created, Artwork_Title, Artwork_Price_GBP, Artwork_Sold) values ('AW1013', 'AR1014', 'AM1004', 'AG1011', '1968-01-06 11:24:42', 'Lies Of The Beautiful People', 742.74, false);
insert into artwork (Artwork_ID, Artwork_Artist_ID, Artwork_Medium_ID, Artwork_Genre_ID, Artwork_Created, Artwork_Title, Artwork_Price_GBP, Artwork_Sold) values ('AW1014', 'AR1009', 'AM1012', 'AG1008', '1992-09-11 15:30:05', 'If You Don''t Wanna Cry Like I Do', 586.21, false);
insert into artwork (Artwork_ID, Artwork_Artist_ID, Artwork_Medium_ID, Artwork_Genre_ID, Artwork_Created, Artwork_Title, Artwork_Price_GBP, Artwork_Sold) values ('AW1015', 'AR1018', 'AM1013', 'AG1000', '1978-09-28 06:38:22', 'Come Find Me', 513.09, true);
insert into artwork (Artwork_ID, Artwork_Artist_ID, Artwork_Medium_ID, Artwork_Genre_ID, Artwork_Created, Artwork_Title, Artwork_Price_GBP, Artwork_Sold) values ('AW1016', 'AR1017', 'AM1000', 'AG1018', '2015-12-09 21:40:01', 'Celestial Tide', 143.73, true);
insert into artwork (Artwork_ID, Artwork_Artist_ID, Artwork_Medium_ID, Artwork_Genre_ID, Artwork_Created, Artwork_Title, Artwork_Price_GBP, Artwork_Sold) values ('AW1017', 'AR1025', 'AM1023', 'AG1005', '1987-10-05 03:15:56', 'Sing Me A Summer Song', 512.44, false);
insert into artwork (Artwork_ID, Artwork_Artist_ID, Artwork_Medium_ID, Artwork_Genre_ID, Artwork_Created, Artwork_Title, Artwork_Price_GBP, Artwork_Sold) values ('AW1018', 'AR1024', 'AM1001', 'AG1012', '1948-09-25 09:09:52', 'I''m Here Without You', 273.13, false);
insert into artwork (Artwork_ID, Artwork_Artist_ID, Artwork_Medium_ID, Artwork_Genre_ID, Artwork_Created, Artwork_Title, Artwork_Price_GBP, Artwork_Sold) values ('AW1019', 'AR1007', 'AM1019', 'AG1006', '2018-11-04 11:18:46', 'A Day To Be Remembered', 776.65, false);
insert into artwork (Artwork_ID, Artwork_Artist_ID, Artwork_Medium_ID, Artwork_Genre_ID, Artwork_Created, Artwork_Title, Artwork_Price_GBP, Artwork_Sold) values ('AW1020', 'AR1007', 'AM1024', 'AG1010', '2018-05-01 15:14:48', 'Dancing In The [Rain', 541.94, true);
insert into artwork (Artwork_ID, Artwork_Artist_ID, Artwork_Medium_ID, Artwork_Genre_ID, Artwork_Created, Artwork_Title, Artwork_Price_GBP, Artwork_Sold) values ('AW1021', 'AR1023', 'AM1007', 'AG1010', '1940-01-13 12:00:20', 'If You Don''t Wanna Cry Like I Do', 744.27, true);
insert into artwork (Artwork_ID, Artwork_Artist_ID, Artwork_Medium_ID, Artwork_Genre_ID, Artwork_Created, Artwork_Title, Artwork_Price_GBP, Artwork_Sold) values ('AW1022', 'AR1012', 'AM1005', 'AG1009', '1973-02-21 19:35:37', 'Open Your Eyes', 740.19, false);
insert into artwork (Artwork_ID, Artwork_Artist_ID, Artwork_Medium_ID, Artwork_Genre_ID, Artwork_Created, Artwork_Title, Artwork_Price_GBP, Artwork_Sold) values ('AW1023', 'AR1006', 'AM1012', 'AG1008', '2018-09-19 13:14:33', 'A Chill In The Air', 382.72, false);
insert into artwork (Artwork_ID, Artwork_Artist_ID, Artwork_Medium_ID, Artwork_Genre_ID, Artwork_Created, Artwork_Title, Artwork_Price_GBP, Artwork_Sold) values ('AW1024', 'AR1000', 'AM1004', 'AG1010', '1948-10-24 05:24:22', 'If A Fresh Start', 314.46, true);

  
-- INSERT VALUES INTO TABLE artwork_exhibition
  

insert into artwork_exhibition (Exhibition_ID, Artwork_ID) values ('EX1006', 'AW1012');
insert into artwork_exhibition (Exhibition_ID, Artwork_ID) values ('EX1024', 'AW1017');
insert into artwork_exhibition (Exhibition_ID, Artwork_ID) values ('EX1003', 'AW1001');
insert into artwork_exhibition (Exhibition_ID, Artwork_ID) values ('EX1025', 'AW1025');
insert into artwork_exhibition (Exhibition_ID, Artwork_ID) values ('EX1010', 'AW1001');
insert into artwork_exhibition (Exhibition_ID, Artwork_ID) values ('EX1006', 'AW1001');
insert into artwork_exhibition (Exhibition_ID, Artwork_ID) values ('EX1020', 'AW1008');
insert into artwork_exhibition (Exhibition_ID, Artwork_ID) values ('EX1017', 'AW1004');
insert into artwork_exhibition (Exhibition_ID, Artwork_ID) values ('EX1020', 'AW1008');
insert into artwork_exhibition (Exhibition_ID, Artwork_ID) values ('EX1001', 'AW1006');
insert into artwork_exhibition (Exhibition_ID, Artwork_ID) values ('EX1010', 'AW1015');
insert into artwork_exhibition (Exhibition_ID, Artwork_ID) values ('EX1012', 'AW1017');
insert into artwork_exhibition (Exhibition_ID, Artwork_ID) values ('EX1015', 'AW1013');
insert into artwork_exhibition (Exhibition_ID, Artwork_ID) values ('EX1001', 'AW1020');
insert into artwork_exhibition (Exhibition_ID, Artwork_ID) values ('EX1022', 'AW1023');
insert into artwork_exhibition (Exhibition_ID, Artwork_ID) values ('EX1020', 'AW1010');
insert into artwork_exhibition (Exhibition_ID, Artwork_ID) values ('EX1011', 'AW1015');
insert into artwork_exhibition (Exhibition_ID, Artwork_ID) values ('EX1018', 'AW1007');
insert into artwork_exhibition (Exhibition_ID, Artwork_ID) values ('EX1003', 'AW1019');
insert into artwork_exhibition (Exhibition_ID, Artwork_ID) values ('EX1009', 'AW1003');
insert into artwork_exhibition (Exhibition_ID, Artwork_ID) values ('EX1010', 'AW1008');
insert into artwork_exhibition (Exhibition_ID, Artwork_ID) values ('EX1017', 'AW1007');
insert into artwork_exhibition (Exhibition_ID, Artwork_ID) values ('EX1007', 'AW1015');
insert into artwork_exhibition (Exhibition_ID, Artwork_ID) values ('EX1021', 'AW1023');
insert into artwork_exhibition (Exhibition_ID, Artwork_ID) values ('EX1023', 'AW1000');

-- INSERT VALUES INTO TABLE art_genre

INSERT into art_genre (Art_Genre_ID, Art_Genre_Desc ) values 
('AG1000', 'Street art'),
('AG1001', 'Romantic'),
('AG1002', 'Folk Art'),
('AG1003', 'Romanesque'),
('AG1004', 'Hyperrealism'),
('AG1005', 'Dadaism'),
('AG1006', 'Folk art'),
('AG1007', 'Cubism'),
('AG1008', 'Art Nouveau'),
('AG1010', 'Expressionism'),
('AG1011', 'Pop Art'),
('AG1012', 'Gothic art'),
('AG1013', 'Impressionism'),
('AG1014', 'Expressionism'),
('AG1015', 'Renaissance'),
('AG1016', 'Landscape'),
('AG1017', 'Art Deco'),
('AG1018', 'Contemporary Art'),
('AG1019', 'Still Life'),
('AG1020', 'Portraiture'),
('AG1022', 'Kitsch movement'),
('AG1024', 'Surrealism');

-- INSERT VALUES INTO  TABLE art_Medium

INSERT into art_medium (Art_Medium_ID, Art_Medium_Desc) values 
('AM1000', 'Chalk'),
('AM1001', 'Pencil') ,
('AM1002', 'Charcoal'),
('AM1003', 'Acrylic paint') ,
('AM1004', 'Watercolour') ,
('AM1005', 'Gouache') ,
('AM1006', 'Oil Paint') ,
('AM1007', 'Collage') ,
('AM1008', 'Conte') ,
('AM1009', 'Graphite Pencil') ,
('AM1010', 'Oil Pastel') ,
('AM1011', 'Chalk Pastel') ,
('AM1012', 'Coloured Pencil') ,
('AM1013', 'Mixed Media') ,
('AM1014', 'Tempura') ,
('AM1015', 'Digital Art') ,
('AM1016', 'Photography') ,
('AM1017', 'Sculpture') ,
('AM1018', 'Pottery') ,
('AM1019', 'Silk Screen Print') ,
('AM1020', 'Lino Print') ,
('AM1021', 'Pen and Ink') ;



-- INSERT VALUES INTO TABLE collector

insert into collector (Collector_ID, Collector_Name, Collector_Addr1, Collector_Addr2, Collector_Addr3, Collector_Postcode , Collector_Phone , Collector_Email) values ('CO1000', 'Skinder', '319 Dixon Park', 'Xiyuan', 'Devon', 'ST3 3LR', '138 502 5100', 'ocattach0@pbs.org');
insert into collector (Collector_ID, Collector_Name, Collector_Addr1, Collector_Addr2, Collector_Addr3, Collector_Postcode , Collector_Phone , Collector_Email) values ('CO1001', 'Shufflebeat', '16215 Harper Crossing', 'Sinisian', 'North Ayrshire', 'E3 2PX', '968 485 7024', 'lwinchcomb1@a8.net');
insert into collector (Collector_ID, Collector_Name, Collector_Addr1, Collector_Addr2, Collector_Addr3, Collector_Postcode , Collector_Phone , Collector_Email) values ('CO1002', 'Lajo', '23 Springs Alley', 'Su-ngai Kolok', 'West Berkshire', 'ST3 3LR', '236 161 1234', 'iipplett2@bbb.org');
insert into collector (Collector_ID, Collector_Name, Collector_Addr1, Collector_Addr2, Collector_Addr3, Collector_Postcode , Collector_Phone , Collector_Email) values ('CO1003', 'Realbridge', '48 Melrose Park', 'Calubcub Dos', 'Leicestershire', 'GU14 0BP', '190 605 0727', 'fhumber3@tmall.com');
insert into collector (Collector_ID, Collector_Name, Collector_Addr1, Collector_Addr2, Collector_Addr3, Collector_Postcode , Collector_Phone , Collector_Email) values ('CO1004', 'Yakidoo', '3 Oak Trail', 'Huari', 'Shetland Islands', 'FK1 5AB', '705 158 6477', 'lgilbertson4@amazon.co.jp');
insert into collector (Collector_ID, Collector_Name, Collector_Addr1, Collector_Addr2, Collector_Addr3, Collector_Postcode , Collector_Phone , Collector_Email) values ('CO1005', 'Vinte', '849 Pearson Road', 'Lashkar Gāh', 'Durham', 'WR12 0QJ', '473 162 4336', 'bdefond5@smugmug.com');
insert into collector (Collector_ID, Collector_Name, Collector_Addr1, Collector_Addr2, Collector_Addr3, Collector_Postcode , Collector_Phone , Collector_Email) values ('CO1006', 'Jabberbean', '71 Artisan Point', 'Wupu', 'Northamptonshire', 'CH64 2UG', '625 636 8001', 'thalford6@rediff.com');
insert into collector (Collector_ID, Collector_Name, Collector_Addr1, Collector_Addr2, Collector_Addr3, Collector_Postcode , Collector_Phone , Collector_Email) values ('CO1007', 'Roombo', '049 Monterey Terrace', 'Ábidos', 'Hampshire', 'GL54 2GW', '524 310 5583', 'dlegrand7@hexun.com');
insert into collector (Collector_ID, Collector_Name, Collector_Addr1, Collector_Addr2, Collector_Addr3, Collector_Postcode , Collector_Phone , Collector_Email) values ('CO1008', 'Tazzy', '8 Lerdahl Drive', 'Kittilä', 'Cornwall', 'GU14 0BP', '680 919 3323', 'rmanifield8@domainmarket.com');
insert into collector (Collector_ID, Collector_Name, Collector_Addr1, Collector_Addr2, Collector_Addr3, Collector_Postcode , Collector_Phone , Collector_Email) values ('CO1009', 'Youfeed', '8 Sutteridge Trail', 'Kuala Lumpur', 'Warwickshire', 'GL8 8HH', '332 877 9427', 'csheardown9@sogou.com');
insert into collector (Collector_ID, Collector_Name, Collector_Addr1, Collector_Addr2, Collector_Addr3, Collector_Postcode , Collector_Phone , Collector_Email) values ('CO1010', 'Devpulse', '1511 Roth Court', 'Taochuan', 'City of Edinburgh', 'WR22 2DU', '688 857 1332', 'nstenninga@oaic.gov.au');
insert into collector (Collector_ID, Collector_Name, Collector_Addr1, Collector_Addr2, Collector_Addr3, Collector_Postcode , Collector_Phone , Collector_Email) values ('CO1011', 'Gabspot', '83816 Bay Terrace', 'Mithi', 'Cambridgeshire', 'GU14 0BP', '516 786 5036', 'bgethenb@mtv.com');
insert into collector (Collector_ID, Collector_Name, Collector_Addr1, Collector_Addr2, Collector_Addr3, Collector_Postcode , Collector_Phone , Collector_Email) values ('CO1012', 'Katz', '3814 Caliangt Pass', 'Tuusniemi', 'Flintshire', 'B25 9TE', '710 376 5306', 'liacovoloc@nsw.gov.au');
insert into collector (Collector_ID, Collector_Name, Collector_Addr1, Collector_Addr2, Collector_Addr3, Collector_Postcode , Collector_Phone , Collector_Email) values ('CO1013', 'Brainlounge', '81247 Sutteridge Pass', 'Baiju', 'Gloucestershire', 'GL54 2GW', '493 933 7243', 'kbened@newsvine.com');
insert into collector (Collector_ID, Collector_Name, Collector_Addr1, Collector_Addr2, Collector_Addr3, Collector_Postcode , Collector_Phone , Collector_Email) values ('CO1014', 'Trilia', '820 Knutson Road', 'Livadiya', 'Breconshire', 'KW14 8DG', '914 335 7672', 'cmardlee@google.co.jp');
insert into collector (Collector_ID, Collector_Name, Collector_Addr1, Collector_Addr2, Collector_Addr3, Collector_Postcode , Collector_Phone , Collector_Email) values ('CO1015', 'DabZ', '085 Bunker Hill Plaza', 'Nîmes', 'City of Edinburgh', 'KA8 0DE', '902 766 1875', 'lpidgeonf@gizmodo.com');
insert into collector (Collector_ID, Collector_Name, Collector_Addr1, Collector_Addr2, Collector_Addr3, Collector_Postcode , Collector_Phone , Collector_Email) values ('CO1016', 'Talane', '00664 Daystar Park', 'Ziyuan', 'North Ayrshire', 'B66 3PB', '440 742 6453', 'nclaptong@ihg.com');
insert into collector (Collector_ID, Collector_Name, Collector_Addr1, Collector_Addr2, Collector_Addr3, Collector_Postcode , Collector_Phone , Collector_Email) values ('CO1017', 'Linkbridge', '5 Barby Hill', 'Marumori', 'Lincolnshire', 'GL54 2GW', '429 526 8741', 'cmccombh@independent.co.uk');
insert into collector (Collector_ID, Collector_Name, Collector_Addr1, Collector_Addr2, Collector_Addr3, Collector_Postcode , Collector_Phone , Collector_Email) values ('CO1018', 'Zooveo', '48 Mandrake Lane', 'Nīkêh', 'Somerset', 'CH64 2UG', '727 426 2045', 'clockneri@state.tx.us');
insert into collector (Collector_ID, Collector_Name, Collector_Addr1, Collector_Addr2, Collector_Addr3, Collector_Postcode , Collector_Phone , Collector_Email) values ('CO1019', 'Skipfire', '91428 Scoville Park', 'Ödeshög', 'City of Edinburgh', 'G82 2QH', '496 943 1665', 'gtortisj@hao123.com');
insert into collector (Collector_ID, Collector_Name, Collector_Addr1, Collector_Addr2, Collector_Addr3, Collector_Postcode , Collector_Phone , Collector_Email) values ('CO1020', 'Kare', '20545 Moulton Court', 'Kukichūō', 'East Sussex', 'GU14 0BP', '180 320 1389', 'hbaldacchik@tinyurl.com');
insert into collector (Collector_ID, Collector_Name, Collector_Addr1, Collector_Addr2, Collector_Addr3, Collector_Postcode , Collector_Phone , Collector_Email) values ('CO1021', 'Mudo', '91 Summit Circle', 'Getafe', 'Moray', 'GL54 2GW', '742 113 1434', 'cstichell@nifty.com');
insert into collector (Collector_ID, Collector_Name, Collector_Addr1, Collector_Addr2, Collector_Addr3, Collector_Postcode , Collector_Phone , Collector_Email) values ('CO1022', 'Youtags', '47 Rigney Hill', 'Buckland', 'Northumberland', 'B43 5QD', '281 920 0046', 'llevertonm@hc360.com');
insert into collector (Collector_ID, Collector_Name, Collector_Addr1, Collector_Addr2, Collector_Addr3, Collector_Postcode , Collector_Phone , Collector_Email) values ('CO1023', 'Topdrive', '1123 American Hill', 'Filótion', 'South Ayrshire', 'IP24 3BU', '989 313 1003', 'kdopplern@va.gov');
insert into collector (Collector_ID, Collector_Name, Collector_Addr1, Collector_Addr2, Collector_Addr3, Collector_Postcode , Collector_Phone , Collector_Email) values ('CO1024', 'Leenti', '227 Blackbird Center', 'Sancha', 'Shetland Islands', 'E3 2PX', '893 498 4076', 'afloydo@gizmodo.com');

-- INSERT VALUES INTO  collector_contact

insert into collector_contact (Collector_Contact_ID, Collector_ID, Customer_ID, Mailing_List) values ('CC1000', null, 'CU1007', true);
insert into collector_contact (Collector_Contact_ID, Collector_ID, Customer_ID, Mailing_List) values ('CC1001', 'CO1009', null, false);
insert into collector_contact (Collector_Contact_ID, Collector_ID, Customer_ID, Mailing_List) values ('CC1002', 'CO1014', null, false);
insert into collector_contact (Collector_Contact_ID, Collector_ID, Customer_ID, Mailing_List) values ('CC1003', null, 'CU1025', true);
insert into collector_contact (Collector_Contact_ID, Collector_ID, Customer_ID, Mailing_List) values ('CC1004', 'CO1019', null, true);
insert into collector_contact (Collector_Contact_ID, Collector_ID, Customer_ID, Mailing_List) values ('CC1005', null, 'CU1014', true);
insert into collector_contact (Collector_Contact_ID, Collector_ID, Customer_ID, Mailing_List) values ('CC1006', 'CO1018', null, true);
insert into collector_contact (Collector_Contact_ID, Collector_ID, Customer_ID, Mailing_List) values ('CC1007', null, 'CU1011', false);
insert into collector_contact (Collector_Contact_ID, Collector_ID, Customer_ID, Mailing_List) values ('CC1008', 'CO1021',null, false);
insert into collector_contact (Collector_Contact_ID, Collector_ID, Customer_ID, Mailing_List) values ('CC1009', 'CO1024', null, true);
insert into collector_contact (Collector_Contact_ID, Collector_ID, Customer_ID, Mailing_List) values ('CC1010', null, 'CU1006', true);
insert into collector_contact (Collector_Contact_ID, Collector_ID, Customer_ID, Mailing_List) values ('CC1011', 'CO1017',null, true);
insert into collector_contact (Collector_Contact_ID, Collector_ID, Customer_ID, Mailing_List) values ('CC1012', null, 'CU1023', false);
insert into collector_contact (Collector_Contact_ID, Collector_ID, Customer_ID, Mailing_List) values ('CC1013', 'CO1004', null, false);
insert into collector_contact (Collector_Contact_ID, Collector_ID, Customer_ID, Mailing_List) values ('CC1014', 'CO1005', null, false);
insert into collector_contact (Collector_Contact_ID, Collector_ID, Customer_ID, Mailing_List) values ('CC1015', 'CO1007', null, false);
insert into collector_contact (Collector_Contact_ID, Collector_ID, Customer_ID, Mailing_List) values ('CC1016', null, 'CU1010', true);
insert into collector_contact (Collector_Contact_ID, Collector_ID, Customer_ID, Mailing_List) values ('CC1017', null, 'CU1005', false);
insert into collector_contact (Collector_Contact_ID, Collector_ID, Customer_ID, Mailing_List) values ('CC1018', null, 'CU1004', true);
insert into collector_contact (Collector_Contact_ID, Collector_ID, Customer_ID, Mailing_List) values ('CC1019', 'CO1003', null, false);
insert into collector_contact (Collector_Contact_ID, Collector_ID, Customer_ID, Mailing_List) values ('CC1020', null, 'CU1013', true);
insert into collector_contact (Collector_Contact_ID, Collector_ID, Customer_ID, Mailing_List) values ('CC1021', 'CO1024', 'CU1018', true);
insert into collector_contact (Collector_Contact_ID, Collector_ID, Customer_ID, Mailing_List) values ('CC1022', 'CO1006', null, false);
insert into collector_contact (Collector_Contact_ID, Collector_ID, Customer_ID, Mailing_List) values ('CC1023', 'CO1000',null, false);
insert into collector_contact (Collector_Contact_ID, Collector_ID, Customer_ID, Mailing_List) values ('CC1024', null, 'CU1015', true);


-- INSERT VALUES INTO  customer

insert into customer (Customer_ID , Customer_Title , Customer_First_Name , Customer_Last_Name, Customer_Addr1, Customer_Addr2, Customer_Addr3, Customer_Postcode , Customer_Phone,  Customer_Email) values ('CU1000', 'Ms', 'Garey', 'Ranscombe', '1 Melby Pass', 'København', 'Northamptonshire', 'IP24 3BU', '717 117 9832', 'granscombe0@google.com.hk');
insert into customer (Customer_ID , Customer_Title , Customer_First_Name , Customer_Last_Name, Customer_Addr1, Customer_Addr2, Customer_Addr3, Customer_Postcode , Customer_Phone,  Customer_Email) values ('CU1001', 'Honorable', 'Cordey', 'Langan', '984 Cherokee Road', 'Datarsitu', 'North Lanarkshire', 'RH6 8NR', '236 190 9174', 'clangan1@reuters.com');
insert into customer (Customer_ID , Customer_Title , Customer_First_Name , Customer_Last_Name, Customer_Addr1, Customer_Addr2, Customer_Addr3, Customer_Postcode , Customer_Phone,  Customer_Email) values ('CU1002', 'Dr', 'Ursala', 'Vedishchev', '66833 Daystar Circle', 'Bourg-en-Bresse', 'Gloucestershire', 'B25 9TE', '879 449 9521', 'uvedishchev2@wufoo.com');
insert into customer (Customer_ID , Customer_Title , Customer_First_Name , Customer_Last_Name, Customer_Addr1, Customer_Addr2, Customer_Addr3, Customer_Postcode , Customer_Phone,  Customer_Email) values ('CU1003', 'Mr', 'Allsun', 'Ashborne', '204 Warbler Road', 'Luuka Town', 'West Sussex', 'GL54 2GW', '443 105 7371', 'aashborne3@hao123.com');
insert into customer (Customer_ID , Customer_Title , Customer_First_Name , Customer_Last_Name, Customer_Addr1, Customer_Addr2, Customer_Addr3, Customer_Postcode , Customer_Phone,  Customer_Email) values ('CU1004', 'Honorable', 'Jonas', 'Larwood', '31 Leroy Alley', 'Pasiripis', 'East Lothian', 'RH6 8NR', '421 637 6257', 'jlarwood4@discuz.net');
insert into customer (Customer_ID , Customer_Title , Customer_First_Name , Customer_Last_Name, Customer_Addr1, Customer_Addr2, Customer_Addr3, Customer_Postcode , Customer_Phone,  Customer_Email) values ('CU1005', 'Mr', 'Adriaens', 'McWard', '5 Nancy Pass', 'Huolongping', 'Cleveland', 'GL54 2GW', '646 630 9176', 'amcward5@census.gov');
insert into customer (Customer_ID , Customer_Title , Customer_First_Name , Customer_Last_Name, Customer_Addr1, Customer_Addr2, Customer_Addr3, Customer_Postcode , Customer_Phone,  Customer_Email) values ('CU1006', 'Honorable', 'Bobbie', 'Mundell', '34 Grayhawk Terrace', 'Ilebo', 'Clackmannanshire', 'TA24 5PL', '849 562 2647', 'bmundell6@blog.com');
insert into customer (Customer_ID , Customer_Title , Customer_First_Name , Customer_Last_Name, Customer_Addr1, Customer_Addr2, Customer_Addr3, Customer_Postcode , Customer_Phone,  Customer_Email) values ('CU1007', 'Honorable', 'Skipton', 'Danko', '8 Kipling Court', 'Guantun', 'Orkney Islands', 'FK1 5AB', '709 574 9836', 'sdanko7@oracle.com');
insert into customer (Customer_ID , Customer_Title , Customer_First_Name , Customer_Last_Name, Customer_Addr1, Customer_Addr2, Customer_Addr3, Customer_Postcode , Customer_Phone,  Customer_Email) values ('CU1008', 'Ms', 'Erika', 'Amorine', '547 Johnson Street', 'Kose', 'Scottish Borders', 'KA8 0DE', '619 403 0082', 'eamorine8@scientificamerican.com');
insert into customer (Customer_ID , Customer_Title , Customer_First_Name , Customer_Last_Name, Customer_Addr1, Customer_Addr2, Customer_Addr3, Customer_Postcode , Customer_Phone,  Customer_Email) values ('CU1009', 'Dr', 'Ansell', 'Seleway', '55 Del Sol Trail', 'Al Jamīmah', 'Stirling', 'WR12 0QJ', '759 741 7192', 'aseleway9@cbc.ca');
insert into customer (Customer_ID , Customer_Title , Customer_First_Name , Customer_Last_Name, Customer_Addr1, Customer_Addr2, Customer_Addr3, Customer_Postcode , Customer_Phone,  Customer_Email) values ('CU1010', 'Ms', 'Simeon', 'Lux', '438 Dottie Pass', 'Jinjing', 'Falkirk', 'WR22 2DU', '829 317 4918', 'sluxa@miitbeian.gov.cn');
insert into customer (Customer_ID , Customer_Title , Customer_First_Name , Customer_Last_Name, Customer_Addr1, Customer_Addr2, Customer_Addr3, Customer_Postcode , Customer_Phone,  Customer_Email) values ('CU1011', 'Rev', 'Suzie', 'Kleeman', '97 Bowman Street', 'Viana', 'Moray', 'B25 9TE', '376 475 0590', 'skleemanb@feedburner.com');
insert into customer (Customer_ID , Customer_Title , Customer_First_Name , Customer_Last_Name, Customer_Addr1, Customer_Addr2, Customer_Addr3, Customer_Postcode , Customer_Phone,  Customer_Email) values ('CU1012', 'Mr', 'Perri', 'Keward', '504 Oakridge Court', 'Tours', 'Lincolnshire', 'FK1 5AB', '172 819 7150', 'pkewardc@mit.edu');
insert into customer (Customer_ID , Customer_Title , Customer_First_Name , Customer_Last_Name, Customer_Addr1, Customer_Addr2, Customer_Addr3, Customer_Postcode , Customer_Phone,  Customer_Email) values ('CU1013', 'Rev', 'Denice', 'Raisher', '0749 Dakota Alley', 'Muruni', 'Anglesey', 'TR18 2SJ', '553 824 9894', 'draisherd@chicagotribune.com');
insert into customer (Customer_ID , Customer_Title , Customer_First_Name , Customer_Last_Name, Customer_Addr1, Customer_Addr2, Customer_Addr3, Customer_Postcode , Customer_Phone,  Customer_Email) values ('CU1014', 'Rev', 'Marie-ann', 'Millions', '92 Linden Drive', 'Göteborg', 'Cornwall', 'NG11 8SR', '875 651 4937', 'mmillionse@icq.com');
insert into customer (Customer_ID , Customer_Title , Customer_First_Name , Customer_Last_Name, Customer_Addr1, Customer_Addr2, Customer_Addr3, Customer_Postcode , Customer_Phone,  Customer_Email) values ('CU1015', 'Mr', 'Katherina', 'Gwyer', '086 Grim Trail', 'Vingåker', 'Northumberland', 'GL54 2GW', '325 485 1726', 'kgwyerf@1und1.de');
insert into customer (Customer_ID , Customer_Title , Customer_First_Name , Customer_Last_Name, Customer_Addr1, Customer_Addr2, Customer_Addr3, Customer_Postcode , Customer_Phone,  Customer_Email) values ('CU1016', 'Rev', 'Alyssa', 'Gravy', '0 Northwestern Alley', 'Belogorsk', 'City of Edinburgh', 'KY11 1HJ', '231 808 6193', 'agravyg@princeton.edu');
insert into customer (Customer_ID , Customer_Title , Customer_First_Name , Customer_Last_Name, Customer_Addr1, Customer_Addr2, Customer_Addr3, Customer_Postcode , Customer_Phone,  Customer_Email) values ('CU1017', 'Ms', 'Shoshanna', 'Darlington', '65823 Sauthoff Lane', 'Bagakay', 'Breconshire', 'KA8 0DE', '471 989 1398', 'sdarlingtonh@unicef.org');
insert into customer (Customer_ID , Customer_Title , Customer_First_Name , Customer_Last_Name, Customer_Addr1, Customer_Addr2, Customer_Addr3, Customer_Postcode , Customer_Phone,  Customer_Email) values ('CU1018', 'Mrs', 'Abby', 'Aylwin', '198 Springs Terrace', 'Alakak', 'Radnorshire', 'CO2 7GS', '713 964 5755', 'aaylwini@oracle.com');
insert into customer (Customer_ID , Customer_Title , Customer_First_Name , Customer_Last_Name, Customer_Addr1, Customer_Addr2, Customer_Addr3, Customer_Postcode , Customer_Phone,  Customer_Email) values ('CU1019', 'Honorable', 'Theodor', 'Usherwood', '0 Columbus Drive', 'Berat', 'Denbighshire', 'BS11 0UN', '903 864 5644', 'tusherwoodj@amazon.co.jp');
insert into customer (Customer_ID , Customer_Title , Customer_First_Name , Customer_Last_Name, Customer_Addr1, Customer_Addr2, Customer_Addr3, Customer_Postcode , Customer_Phone,  Customer_Email) values ('CU1020', 'Rev', 'Bertrand', 'Peiro', '97 Oxford Junction', 'New Panamao', 'Caernarvonshire', 'TA24 5PL', '936 446 9399', 'bpeirok@symantec.com');
insert into customer (Customer_ID , Customer_Title , Customer_First_Name , Customer_Last_Name, Customer_Addr1, Customer_Addr2, Customer_Addr3, Customer_Postcode , Customer_Phone,  Customer_Email) values ('CU1021', 'Honorable', 'Adria', 'Yukhnev', '813 Charing Cross Crossing', 'Delson', 'Angus', 'BS11 0UN', '706 449 9490', 'ayukhnevl@alexa.com');
insert into customer (Customer_ID , Customer_Title , Customer_First_Name , Customer_Last_Name, Customer_Addr1, Customer_Addr2, Customer_Addr3, Customer_Postcode , Customer_Phone,  Customer_Email) values ('CU1022', 'Ms', 'Fifi', 'Shade', '51324 Warner Junction', 'Nove-Misto', 'Lincolnshire', 'G82 2QH', '683 365 0748', 'fshadem@intel.com');
insert into customer (Customer_ID , Customer_Title , Customer_First_Name , Customer_Last_Name, Customer_Addr1, Customer_Addr2, Customer_Addr3, Customer_Postcode , Customer_Phone,  Customer_Email) values ('CU1023', 'Mr', 'Van', 'Lauderdale', '4249 Myrtle Avenue', 'Nerekhta', 'Montgomeryshire', 'FY1 1EZ', '242 916 3598', 'vlauderdalen@sciencedirect.com');
insert into customer (Customer_ID , Customer_Title , Customer_First_Name , Customer_Last_Name, Customer_Addr1, Customer_Addr2, Customer_Addr3, Customer_Postcode , Customer_Phone,  Customer_Email) values ('CU1024', 'Ms', 'Charissa', 'Gueste', '15902 Shopko Trail', 'Nakhon Ratchasima', 'Anglesey', 'FK1 5AB', '589 835 7279', 'cguesteo@tmall.com');


-- INSERT VALUES INTO TABLE exhibition

insert into exhibition (Exhibition_ID, Exhibition_Desc , Exhibition_Date_Start, Exhibition_Date_End) values ('EX1000', 'Etiam justo.', '2020-02-26 17:34:29', '2023-06-22 05:59:44');
insert into exhibition (Exhibition_ID, Exhibition_Desc , Exhibition_Date_Start, Exhibition_Date_End) values ('EX1001', 'Nulla suscipit ligula in lacus.', '2020-08-01 12:55:20', '2021-01-31 22:54:50');
insert into exhibition (Exhibition_ID, Exhibition_Desc , Exhibition_Date_Start, Exhibition_Date_End) values ('EX1002', 'Praesent blandit.', '2020-06-15 10:20:04', '2023-11-10 19:23:31');
insert into exhibition (Exhibition_ID, Exhibition_Desc , Exhibition_Date_Start, Exhibition_Date_End) values ('EX1003', 'Donec diam neque, vestibulum eget, vulputate ut, ultrices vel, augue.', '2020-07-27 15:22:10', '2023-04-23 00:12:44');
insert into exhibition (Exhibition_ID, Exhibition_Desc , Exhibition_Date_Start, Exhibition_Date_End) values ('EX1004', 'Praesent id massa id nisl venenatis lacinia.', '2020-08-20 12:22:34', '2023-04-08 22:25:40');
insert into exhibition (Exhibition_ID, Exhibition_Desc , Exhibition_Date_Start, Exhibition_Date_End) values ('EX1005', 'In blandit ultrices enim.', '2020-09-17 02:36:50', '2021-05-23 22:20:07');
insert into exhibition (Exhibition_ID, Exhibition_Desc , Exhibition_Date_Start, Exhibition_Date_End) values ('EX1006', 'Morbi sem mauris, laoreet ut, rhoncus aliquet, pulvinar sed, nisl.', '2020-10-04 06:01:00', '2022-12-04 22:32:03');
insert into exhibition (Exhibition_ID, Exhibition_Desc , Exhibition_Date_Start, Exhibition_Date_End) values ('EX1007', 'Curabitur at ipsum ac tellus semper interdum.', '2020-11-20 02:43:04', '2023-07-20 21:14:08');
insert into exhibition (Exhibition_ID, Exhibition_Desc , Exhibition_Date_Start, Exhibition_Date_End) values ('EX1008', 'Aliquam quis turpis eget elit sodales scelerisque.', '2020-10-11 07:36:03', '2023-10-24 21:33:12');
insert into exhibition (Exhibition_ID, Exhibition_Desc , Exhibition_Date_Start, Exhibition_Date_End) values ('EX1009', 'In hac habitasse platea dictumst.', '2020-05-18 16:12:43', '2023-03-25 17:17:42');
insert into exhibition (Exhibition_ID, Exhibition_Desc , Exhibition_Date_Start, Exhibition_Date_End) values ('EX1010', 'Integer ac leo.', '2020-08-21 10:58:20', '2021-11-14 04:21:30');
insert into exhibition (Exhibition_ID, Exhibition_Desc , Exhibition_Date_Start, Exhibition_Date_End) values ('EX1011', 'Nulla tempus.', '2020-11-08 02:48:38', '2023-03-05 10:54:51');
insert into exhibition (Exhibition_ID, Exhibition_Desc , Exhibition_Date_Start, Exhibition_Date_End) values ('EX1012', 'Nullam varius.', '2020-04-14 19:37:57', '2023-02-09 20:10:27');
insert into exhibition (Exhibition_ID, Exhibition_Desc , Exhibition_Date_Start, Exhibition_Date_End) values ('EX1013', 'Praesent id massa id nisl venenatis lacinia.', '2020-01-25 15:04:24', '2021-10-21 11:25:19');
insert into exhibition (Exhibition_ID, Exhibition_Desc , Exhibition_Date_Start, Exhibition_Date_End) values ('EX1014', 'Quisque porta volutpat erat.', '2020-11-01 18:23:28', '2022-09-03 14:00:35');
insert into exhibition (Exhibition_ID, Exhibition_Desc , Exhibition_Date_Start, Exhibition_Date_End) values ('EX1015', 'Integer aliquet, massa id lobortis convallis, tortor risus dapibus augue, vel accumsan tellus nisi eu orci.', '2020-04-29 10:04:33', '2023-03-23 22:05:11');
insert into exhibition (Exhibition_ID, Exhibition_Desc , Exhibition_Date_Start, Exhibition_Date_End) values ('EX1016', 'In hac habitasse platea dictumst.', '2020-10-29 19:29:05', '2022-10-30 02:42:54');
insert into exhibition (Exhibition_ID, Exhibition_Desc , Exhibition_Date_Start, Exhibition_Date_End) values ('EX1017', 'Vivamus tortor.', '2020-11-17 17:09:24', '2023-03-28 12:47:08');
insert into exhibition (Exhibition_ID, Exhibition_Desc , Exhibition_Date_Start, Exhibition_Date_End) values ('EX1018', 'Maecenas tincidunt lacus at velit.', '2020-12-02 04:30:29', '2022-09-24 14:12:03');
insert into exhibition (Exhibition_ID, Exhibition_Desc , Exhibition_Date_Start, Exhibition_Date_End) values ('EX1019', 'Suspendisse potenti.', '2020-10-08 12:30:49', '2022-04-15 08:41:09');
insert into exhibition (Exhibition_ID, Exhibition_Desc , Exhibition_Date_Start, Exhibition_Date_End) values ('EX1020', 'Mauris ullamcorper purus sit amet nulla.', '2020-07-11 13:09:03', '2021-08-27 22:59:46');
insert into exhibition (Exhibition_ID, Exhibition_Desc , Exhibition_Date_Start, Exhibition_Date_End) values ('EX1021', 'Lorem ipsum dolor sit amet, consectetuer adipiscing elit.', '2020-07-08 22:14:03', '2023-11-08 02:35:53');
insert into exhibition (Exhibition_ID, Exhibition_Desc , Exhibition_Date_Start, Exhibition_Date_End) values ('EX1022', 'Morbi quis tortor id nulla ultrices aliquet.', '2020-12-23 06:58:21', '2023-10-28 18:39:38');
insert into exhibition (Exhibition_ID, Exhibition_Desc , Exhibition_Date_Start, Exhibition_Date_End) values ('EX1023', 'Suspendisse accumsan tortor quis turpis.', '2020-09-18 15:08:51', '2023-10-02 14:37:13');
insert into exhibition (Exhibition_ID, Exhibition_Desc , Exhibition_Date_Start, Exhibition_Date_End) values ('EX1024', 'In congue.', '2020-07-20 18:14:44', '2022-11-24 13:27:10');


-- INSERT VALUES INTO  TABLE exhibition_staff 


insert into exhibition_staff (Exhibition_ID, Staff_ID) values ('EX1005', 'AE1013');
insert into exhibition_staff (Exhibition_ID, Staff_ID) values ('EX1012', 'AE1018');
insert into exhibition_staff (Exhibition_ID, Staff_ID) values ('EX1005', 'AE1013');
insert into exhibition_staff (Exhibition_ID, Staff_ID) values ('EX1011', 'AE1025');
insert into exhibition_staff (Exhibition_ID, Staff_ID) values ('EX1020', 'AE1017');
insert into exhibition_staff (Exhibition_ID, Staff_ID) values ('EX1010', 'AE1014');
insert into exhibition_staff (Exhibition_ID, Staff_ID) values ('EX1008', 'AE1006');
insert into exhibition_staff (Exhibition_ID, Staff_ID) values ('EX1017', 'AE1016');
insert into exhibition_staff (Exhibition_ID, Staff_ID) values ('EX1014', 'AE1007');
insert into exhibition_staff (Exhibition_ID, Staff_ID) values ('EX1000', 'AE1023');
insert into exhibition_staff (Exhibition_ID, Staff_ID) values ('EX1018', 'AE1014');
insert into exhibition_staff (Exhibition_ID, Staff_ID) values ('EX1007', 'AE1016');
insert into exhibition_staff (Exhibition_ID, Staff_ID) values ('EX1005', 'AE1019');
insert into exhibition_staff (Exhibition_ID, Staff_ID) values ('EX1015', 'AE1011');
insert into exhibition_staff (Exhibition_ID, Staff_ID) values ('EX1014', 'AE1013');
insert into exhibition_staff (Exhibition_ID, Staff_ID) values ('EX1025', 'AE1003');
insert into exhibition_staff (Exhibition_ID, Staff_ID) values ('EX1003', 'AE1000');
insert into exhibition_staff (Exhibition_ID, Staff_ID) values ('EX1014', 'AE1020');
insert into exhibition_staff (Exhibition_ID, Staff_ID) values ('EX1016', 'AE1009');
insert into exhibition_staff (Exhibition_ID, Staff_ID) values ('EX1024', 'AE1017');
insert into exhibition_staff (Exhibition_ID, Staff_ID) values ('EX1014', 'AE1015');
insert into exhibition_staff (Exhibition_ID, Staff_ID) values ('EX1006', 'AE1020');
insert into exhibition_staff (Exhibition_ID, Staff_ID) values ('EX1025', 'AE1013');
insert into exhibition_staff (Exhibition_ID, Staff_ID) values ('EX1004', 'AE1002');
insert into exhibition_staff (Exhibition_ID, Staff_ID) values ('EX1023', 'AE1003');
insert into exhibition_staff (Exhibition_ID, Staff_ID) values ('EX1006', 'AE1022');
insert into exhibition_staff (Exhibition_ID, Staff_ID) values ('EX1006', 'AE1024');
insert into exhibition_staff (Exhibition_ID, Staff_ID) values ('EX1015', 'AE1024');
insert into exhibition_staff (Exhibition_ID, Staff_ID) values ('EX1011', 'AE1001');
insert into exhibition_staff (Exhibition_ID, Staff_ID) values ('EX1017', 'AE1011');
insert into exhibition_staff (Exhibition_ID, Staff_ID) values ('EX1007', 'AE1017');
insert into exhibition_staff (Exhibition_ID, Staff_ID) values ('EX1007', 'AE1014');
insert into exhibition_staff (Exhibition_ID, Staff_ID) values ('EX1018', 'AE1023');
insert into exhibition_staff (Exhibition_ID, Staff_ID) values ('EX1009', 'AE1016');
insert into exhibition_staff (Exhibition_ID, Staff_ID) values ('EX1023', 'AE1010');
insert into exhibition_staff (Exhibition_ID, Staff_ID) values ('EX1017', 'AE1005');
insert into exhibition_staff (Exhibition_ID, Staff_ID) values ('EX1007', 'AE1020');
insert into exhibition_staff (Exhibition_ID, Staff_ID) values ('EX1023', 'AE1009');
insert into exhibition_staff (Exhibition_ID, Staff_ID) values ('EX1020', 'AE1016');
insert into exhibition_staff (Exhibition_ID, Staff_ID) values ('EX1012', 'AE1018');
insert into exhibition_staff (Exhibition_ID, Staff_ID) values ('EX1021', 'AE1004');
insert into exhibition_staff (Exhibition_ID, Staff_ID) values ('EX1005', 'AE1001');
insert into exhibition_staff (Exhibition_ID, Staff_ID) values ('EX1000', 'AE1019');
insert into exhibition_staff (Exhibition_ID, Staff_ID) values ('EX1019', 'AE1006');
insert into exhibition_staff (Exhibition_ID, Staff_ID) values ('EX1014', 'AE1006');
insert into exhibition_staff (Exhibition_ID, Staff_ID) values ('EX1021', 'AE1015');
insert into exhibition_staff (Exhibition_ID, Staff_ID) values ('EX1014', 'AE1005');
insert into exhibition_staff (Exhibition_ID, Staff_ID) values ('EX1024', 'AE1015');
insert into exhibition_staff (Exhibition_ID, Staff_ID) values ('EX1013', 'AE1021');
insert into exhibition_staff (Exhibition_ID, Staff_ID) values ('EX1025', 'AE1013');


-- INSERT VALUES INTO TABLE sales

insert into sales (Sales_ID , Sales_Customer_ID , Sales_Artwork_ID , Sales_Exhibition_ID , Sales_Amount_GBP, Sales_Date) values ('SA1000', 'CU1020', 'AE1022', 'EX1015', 8688, '21/08/2017');
insert into sales (Sales_ID , Sales_Customer_ID , Sales_Artwork_ID , Sales_Exhibition_ID , Sales_Amount_GBP, Sales_Date) values ('SA1001', 'CU1022', 'AE1024', 'EX1000', 3638, '10/04/2015');
insert into sales (Sales_ID , Sales_Customer_ID , Sales_Artwork_ID , Sales_Exhibition_ID , Sales_Amount_GBP, Sales_Date) values ('SA1002', 'CU1024', 'AE1011', 'EX1009', 9380, '15/09/2016');
insert into sales (Sales_ID , Sales_Customer_ID , Sales_Artwork_ID , Sales_Exhibition_ID , Sales_Amount_GBP, Sales_Date) values ('SA1003', 'CU1022', 'AE1015', 'EX1005', 4941, '21/09/2018');
insert into sales (Sales_ID , Sales_Customer_ID , Sales_Artwork_ID , Sales_Exhibition_ID , Sales_Amount_GBP, Sales_Date) values ('SA1004', 'CU1003', 'AE1007', 'EX1021', 7678, '05/02/2013');
insert into sales (Sales_ID , Sales_Customer_ID , Sales_Artwork_ID , Sales_Exhibition_ID , Sales_Amount_GBP, Sales_Date) values ('SA1005', 'CU1010', 'AE1003', 'EX1013', 3312, '07/05/2016');
insert into sales (Sales_ID , Sales_Customer_ID , Sales_Artwork_ID , Sales_Exhibition_ID , Sales_Amount_GBP, Sales_Date) values ('SA1006', 'CU1013', 'AE1013', 'EX1004', 6820, '03/11/2011');
insert into sales (Sales_ID , Sales_Customer_ID , Sales_Artwork_ID , Sales_Exhibition_ID , Sales_Amount_GBP, Sales_Date) values ('SA1007', 'CU1006', 'AE1005', 'EX1023', 231, '02/05/2020');
insert into sales (Sales_ID , Sales_Customer_ID , Sales_Artwork_ID , Sales_Exhibition_ID , Sales_Amount_GBP, Sales_Date) values ('SA1008', 'CU1009', 'AE1011', 'EX1015', 2677, '15/03/2012');
insert into sales (Sales_ID , Sales_Customer_ID , Sales_Artwork_ID , Sales_Exhibition_ID , Sales_Amount_GBP, Sales_Date) values ('SA1009', 'CU1011', 'AE1016', 'EX1017', 2878, '20/07/2017');
insert into sales (Sales_ID , Sales_Customer_ID , Sales_Artwork_ID , Sales_Exhibition_ID , Sales_Amount_GBP, Sales_Date) values ('SA1010', 'CU1005', 'AE1021', 'EX1012', 1023, '16/03/2018');
insert into sales (Sales_ID , Sales_Customer_ID , Sales_Artwork_ID , Sales_Exhibition_ID , Sales_Amount_GBP, Sales_Date) values ('SA1011', 'CU1001', 'AE1017', 'EX1013', 8783, '24/09/2018');
insert into sales (Sales_ID , Sales_Customer_ID , Sales_Artwork_ID , Sales_Exhibition_ID , Sales_Amount_GBP, Sales_Date) values ('SA1012', 'CU1023', 'AE1004', 'EX1022', 8347, '13/01/2019');
insert into sales (Sales_ID , Sales_Customer_ID , Sales_Artwork_ID , Sales_Exhibition_ID , Sales_Amount_GBP, Sales_Date) values ('SA1013', 'CU1011', 'AE1017', 'EX1008', 8763, '07/12/2019');
insert into sales (Sales_ID , Sales_Customer_ID , Sales_Artwork_ID , Sales_Exhibition_ID , Sales_Amount_GBP, Sales_Date) values ('SA1014', 'CU1024', 'AE1015', 'EX1013', 434, '29/10/2016');
insert into sales (Sales_ID , Sales_Customer_ID , Sales_Artwork_ID , Sales_Exhibition_ID , Sales_Amount_GBP, Sales_Date) values ('SA1015', 'CU1000', 'AE1013', 'EX1014', 2473, '10/02/2014');
insert into sales (Sales_ID , Sales_Customer_ID , Sales_Artwork_ID , Sales_Exhibition_ID , Sales_Amount_GBP, Sales_Date) values ('SA1016', 'CU1023', 'AE1020', 'EX1024', 7545, '11/09/2020');
insert into sales (Sales_ID , Sales_Customer_ID , Sales_Artwork_ID , Sales_Exhibition_ID , Sales_Amount_GBP, Sales_Date) values ('SA1017', 'CU1011', 'AE1023', 'EX1018', 4486, '01/03/2014');
insert into sales (Sales_ID , Sales_Customer_ID , Sales_Artwork_ID , Sales_Exhibition_ID , Sales_Amount_GBP, Sales_Date) values ('SA1018', 'CU1014', 'AE1004', 'EX1012', 9943, '20/08/2011');
insert into sales (Sales_ID , Sales_Customer_ID , Sales_Artwork_ID , Sales_Exhibition_ID , Sales_Amount_GBP, Sales_Date) values ('SA1019', 'CU1019', 'AE1021', 'EX1019', 6671, '02/12/2013');
insert into sales (Sales_ID , Sales_Customer_ID , Sales_Artwork_ID , Sales_Exhibition_ID , Sales_Amount_GBP, Sales_Date) values ('SA1020', 'CU1013', 'AE1007', 'EX1007', 5979, '13/01/2012');
insert into sales (Sales_ID , Sales_Customer_ID , Sales_Artwork_ID , Sales_Exhibition_ID , Sales_Amount_GBP, Sales_Date) values ('SA1021', 'CU1005', 'AE1015', 'EX1021', 2346, '30/12/2016');
insert into sales (Sales_ID , Sales_Customer_ID , Sales_Artwork_ID , Sales_Exhibition_ID , Sales_Amount_GBP, Sales_Date) values ('SA1022', 'CU1014', 'AE1010', 'EX1007', 7099, '31/12/2013');
insert into sales (Sales_ID , Sales_Customer_ID , Sales_Artwork_ID , Sales_Exhibition_ID , Sales_Amount_GBP, Sales_Date) values ('SA1023', 'CU1022', 'AE1008', 'EX1021', 3392, '25/01/2017');
insert into sales (Sales_ID , Sales_Customer_ID , Sales_Artwork_ID , Sales_Exhibition_ID , Sales_Amount_GBP, Sales_Date) values ('SA1024', 'CU1011', 'AE1006', 'EX1007', 8994, '29/09/2018');


-- INSERT VALUES INTO TABLE  staff


insert into staff (Staff_ID , Staff_Role_ID , Staff_First_Name , Staff_Last_Name , Staff_Addr1 , Staff_Addr2 , Staff_Addr3, Staff_Postcode , Staff_Phone,  Staff_Email) values ('ST1000', 'SR1000', 'Humphrey', 'Kliement', '670 Roxbury Court', 'Jasionów', 'Fife', 'TR18 2SJ', '442 998 7072', 'hkliement0@house.gov');
insert into staff (Staff_ID , Staff_Role_ID , Staff_First_Name , Staff_Last_Name , Staff_Addr1 , Staff_Addr2 , Staff_Addr3, Staff_Postcode , Staff_Phone,  Staff_Email) values ('ST1001', 'SR1002', 'Sinclair', 'Greenard', '6094 Graedel Road', 'Taiping', 'Monmouthshire', 'GL54 2GW', '564 813 5177', 'sgreenard1@moonfruit.com');
insert into staff (Staff_ID , Staff_Role_ID , Staff_First_Name , Staff_Last_Name , Staff_Addr1 , Staff_Addr2 , Staff_Addr3, Staff_Postcode , Staff_Phone,  Staff_Email) values ('ST1002', 'SR1002', 'Nil', 'Carnoghan', '561 Susan Court', 'Nerchinsk', 'Glasgow City', 'WR12 0QJ', '893 631 8252', 'ncarnoghan2@naver.com');
insert into staff (Staff_ID , Staff_Role_ID , Staff_First_Name , Staff_Last_Name , Staff_Addr1 , Staff_Addr2 , Staff_Addr3, Staff_Postcode , Staff_Phone,  Staff_Email) values ('ST1003', 'SR1001', 'Laurie', 'Gaynor', '8353 Corben Circle', 'Barmash', 'North Ayrshire', 'NG11 8SR', '241 415 4027', 'lgaynor3@myspace.com');
insert into staff (Staff_ID , Staff_Role_ID , Staff_First_Name , Staff_Last_Name , Staff_Addr1 , Staff_Addr2 , Staff_Addr3, Staff_Postcode , Staff_Phone,  Staff_Email) values ('ST1004', 'SR1003', 'Freedman', 'Lukasik', '4 Transport Trail', 'Spånga', 'Merionethshire', 'KW14 8DG', '616 327 4878', 'flukasik4@shinystat.com');
insert into staff (Staff_ID , Staff_Role_ID , Staff_First_Name , Staff_Last_Name , Staff_Addr1 , Staff_Addr2 , Staff_Addr3, Staff_Postcode , Staff_Phone,  Staff_Email) values ('ST1005', 'SR1004', 'Merilyn', 'Mitro', '779 Blackbird Avenue', 'Reims', 'Aberdeenshire', 'FY1 1EZ', '757 676 9032', 'mmitro5@alexa.com');
insert into staff (Staff_ID , Staff_Role_ID , Staff_First_Name , Staff_Last_Name , Staff_Addr1 , Staff_Addr2 , Staff_Addr3, Staff_Postcode , Staff_Phone,  Staff_Email) values ('ST1006', 'SR1005', 'Boy', 'Venturoli', '35491 Darwin Court', 'Cruzeiro', 'Lincolnshire', 'WR12 0QJ', '835 248 0300', 'bventuroli6@forbes.com');
insert into staff (Staff_ID , Staff_Role_ID , Staff_First_Name , Staff_Last_Name , Staff_Addr1 , Staff_Addr2 , Staff_Addr3, Staff_Postcode , Staff_Phone,  Staff_Email) values ('ST1007', 'SR1006', 'Rollo', 'Giacomini', '54235 Valley Edge Pass', 'Mangga Dua', 'Merionethshire', 'CO2 7GS', '844 609 5898', 'rgiacomini7@example.com');
insert into staff (Staff_ID , Staff_Role_ID , Staff_First_Name , Staff_Last_Name , Staff_Addr1 , Staff_Addr2 , Staff_Addr3, Staff_Postcode , Staff_Phone,  Staff_Email) values ('ST1008', 'SR1007', 'Leland', 'Milnes', '93605 Pennsylvania Road', 'San Jose', 'Clackmannanshire', 'WR22 2DU', '650 203 6997', 'lmilnes8@umn.edu');
insert into staff (Staff_ID , Staff_Role_ID , Staff_First_Name , Staff_Last_Name , Staff_Addr1 , Staff_Addr2 , Staff_Addr3, Staff_Postcode , Staff_Phone,  Staff_Email) values ('ST1009', 'SR1009', 'Fania', 'Popplestone', '7 Commercial Pass', 'Yiyang', 'Hampshire', 'TR18 2SJ', '622 478 6712', 'fpopplestone9@businessweek.com');
insert into staff (Staff_ID , Staff_Role_ID , Staff_First_Name , Staff_Last_Name , Staff_Addr1 , Staff_Addr2 , Staff_Addr3, Staff_Postcode , Staff_Phone,  Staff_Email) values ('ST1010', 'SR1008', 'Kelli', 'Swinbourne', '7 High Crossing Plaza', 'Miaofengshan', 'South Lanarkshire', 'E3 2PX', '969 500 4532', 'kswinbournea@cdbaby.com');
insert into staff (Staff_ID , Staff_Role_ID , Staff_First_Name , Staff_Last_Name , Staff_Addr1 , Staff_Addr2 , Staff_Addr3, Staff_Postcode , Staff_Phone,  Staff_Email) values ('ST1011', 'SR1009', 'Lizabeth', 'Franzel', '13956 Ridgeway Road', 'Bungo-Takada-shi', 'East Ayrshire', 'IP24 3BU', '211 430 1545', 'lfranzelb@1688.com');
insert into staff (Staff_ID , Staff_Role_ID , Staff_First_Name , Staff_Last_Name , Staff_Addr1 , Staff_Addr2 , Staff_Addr3, Staff_Postcode , Staff_Phone,  Staff_Email) values ('ST1012', 'SR1009', 'Susanetta', 'Dorgon', '02725 Springview Trail', 'Piggs Peak', 'Northumberland', 'CH64 2UG', '349 267 7363', 'sdorgonc@washingtonpost.com');
insert into staff (Staff_ID , Staff_Role_ID , Staff_First_Name , Staff_Last_Name , Staff_Addr1 , Staff_Addr2 , Staff_Addr3, Staff_Postcode , Staff_Phone,  Staff_Email) values ('ST1013', 'SR1006', 'Nolana', 'Girodin', '8 Morning Way', 'Xinxiang', 'Cheshire', 'GU14 0BP', '921 814 5581', 'ngirodind@shinystat.com');
insert into staff (Staff_ID , Staff_Role_ID , Staff_First_Name , Staff_Last_Name , Staff_Addr1 , Staff_Addr2 , Staff_Addr3, Staff_Postcode , Staff_Phone,  Staff_Email) values ('ST1014', 'SR1007', 'Elana', 'Ridout', '13097 Florence Trail', 'Atar', 'East Dunbartonshire', 'BS11 0UN', '925 182 2358', 'eridoute@hubpages.com');
insert into staff (Staff_ID , Staff_Role_ID , Staff_First_Name , Staff_Last_Name , Staff_Addr1 , Staff_Addr2 , Staff_Addr3, Staff_Postcode , Staff_Phone,  Staff_Email) values ('ST1015', 'SR1004', 'Nata', 'Belcher', '6756 Karstens Terrace', 'Guihing Proper', 'Dundee City', 'ST3 3LR', '244 672 1979', 'nbelcherf@economist.com');
insert into staff (Staff_ID , Staff_Role_ID , Staff_First_Name , Staff_Last_Name , Staff_Addr1 , Staff_Addr2 , Staff_Addr3, Staff_Postcode , Staff_Phone,  Staff_Email) values ('ST1016', 'SR1008', 'Zeke', 'Stamper', '3 Arizona Way', 'Haifa', 'Monmouthshire', 'DE45 1FW', '423 898 3708', 'zstamperg@digg.com');
insert into staff (Staff_ID , Staff_Role_ID , Staff_First_Name , Staff_Last_Name , Staff_Addr1 , Staff_Addr2 , Staff_Addr3, Staff_Postcode , Staff_Phone,  Staff_Email) values ('ST1017', 'SR1002', 'Lindy', 'Tappor', '4 Moulton Way', 'Zavetnoye', 'Surrey', 'IP24 3BU', '710 429 6583', 'ltapporh@forbes.com');
insert into staff (Staff_ID , Staff_Role_ID , Staff_First_Name , Staff_Last_Name , Staff_Addr1 , Staff_Addr2 , Staff_Addr3, Staff_Postcode , Staff_Phone,  Staff_Email) values ('ST1018', 'SR1003', 'Bettye', 'Brisland', '7 Carioca Road', 'Yacheng', 'West Berkshire', 'SP1 3BB', '850 607 5093', 'bbrislandi@prweb.com');
insert into staff (Staff_ID , Staff_Role_ID , Staff_First_Name , Staff_Last_Name , Staff_Addr1 , Staff_Addr2 , Staff_Addr3, Staff_Postcode , Staff_Phone,  Staff_Email) values ('ST1019', 'SR1003', 'Ferdinande', 'Dougary', '44419 Longview Plaza', 'Villa Urquiza', 'Cambridgeshire', 'GL8 8HH', '673 677 3463', 'fdougaryj@topsy.com');
insert into staff (Staff_ID , Staff_Role_ID , Staff_First_Name , Staff_Last_Name , Staff_Addr1 , Staff_Addr2 , Staff_Addr3, Staff_Postcode , Staff_Phone,  Staff_Email) values ('ST1020', 'SR1004', 'Cammie', 'Henriet', '67 Bunting Way', 'Borlänge', 'West Midlands', 'DE45 1FW', '282 139 2169', 'chenrietk@irs.gov');
insert into staff (Staff_ID , Staff_Role_ID , Staff_First_Name , Staff_Last_Name , Staff_Addr1 , Staff_Addr2 , Staff_Addr3, Staff_Postcode , Staff_Phone,  Staff_Email) values ('ST1021', 'SR1011', 'Raymund', 'Roches', '34429 Mandrake Drive', 'Jorowaru Daya', 'Orkney Islands', 'FY1 1EZ', '173 931 3374', 'rrochesl@altervista.org');
insert into staff (Staff_ID , Staff_Role_ID , Staff_First_Name , Staff_Last_Name , Staff_Addr1 , Staff_Addr2 , Staff_Addr3, Staff_Postcode , Staff_Phone,  Staff_Email) values ('ST1022', 'SR1000', 'Bride', 'Simpole', '0365 Surrey Place', 'Kota Bharu', 'Worcestershire', 'WR11 9DR', '269 168 1536', 'bsimpolem@wikispaces.com');
insert into staff (Staff_ID , Staff_Role_ID , Staff_First_Name , Staff_Last_Name , Staff_Addr1 , Staff_Addr2 , Staff_Addr3, Staff_Postcode , Staff_Phone,  Staff_Email) values ('ST1023', 'SR1001', 'Amil', 'Privost', '4 Dottie Drive', 'Uva', 'Northamptonshire', 'B25 9TE', '316 893 2167', 'aprivostn@skyrock.com');
insert into staff (Staff_ID , Staff_Role_ID , Staff_First_Name , Staff_Last_Name , Staff_Addr1 , Staff_Addr2 , Staff_Addr3, Staff_Postcode , Staff_Phone,  Staff_Email) values ('ST1024', 'SR1009', 'Isidore', 'Hordell', '0 Bayside Lane', 'Clermont-Ferrand', 'Caernarvonshire', 'B98 2HP', '918 796 6431', 'ihordello@github.com');


-- INSERT VALUES INTO TABLE staff_role

insert into staff_role (Staff_role_ID, Staff_Role_Desc) values ('SR1000', 'Gallery Manager');
insert into staff_role (Staff_role_ID, Staff_Role_Desc) values ('SR1001', 'Deputy Manager');
insert into staff_role (Staff_role_ID, Staff_Role_Desc) values ('SR1002', 'Senior Sales Assistant');
insert into staff_role (Staff_role_ID, Staff_Role_Desc) values ('SR1003', 'Curator');
insert into staff_role (Staff_role_ID, Staff_Role_Desc) values ('SR1004', 'Human Resources');
insert into staff_role (Staff_role_ID, Staff_Role_Desc) values ('SR1005', 'Art Dealer');
insert into staff_role (Staff_role_ID, Staff_Role_Desc) values ('SR1006', 'Art Consultant');
insert into staff_role (Staff_role_ID, Staff_Role_Desc) values ('SR1007', 'Historian');
insert into staff_role (Staff_role_ID, Staff_Role_Desc) values ('SR1008', 'Sales Assistant');
insert into staff_role (Staff_role_ID, Staff_Role_Desc) values ('SR1009', 'Archivist');